<?xml version="1.0" encoding="utf-8"?><feed xmlns="http://www.w3.org/2005/Atom" ><generator uri="https://jekyllrb.com/" version="3.9.3">Jekyll</generator><link href="http://localhost:4000/feed.xml" rel="self" type="application/atom+xml" /><link href="http://localhost:4000/" rel="alternate" type="text/html" /><updated>2024-11-14T17:06:30-08:00</updated><id>http://localhost:4000/feed.xml</id><title type="html">Pantheon Insights</title><subtitle>Pantheon Insights translates geopolitical trends into actionable insights, helping businesses and investors align their strategies with a shifting world</subtitle><author><name>Dimitri Zabelin</name></author></feed>